queryID,userid,query,searches
1,456,Tips for mastering the virtual battlefield,10
2,789,Hidden secrets in fantasy RPG games,5
3,123,Top 10 indie games to play this year,15
4,234,Strategies for building the ultimate gaming PC,8
5,567,Exploring the lore of popular game franchises,12
6,890,How to level up quickly in MMORPGs,7
7,345,Analyzing the impact of gaming on cognitive skills,20
8,678,Must-have gaming accessories under $50,3
9,901,The evolution of gaming graphics technology,18
10,234,Creating a successful Twitch streaming channel,6
11,567,Most anticipated game releases in 2023,14
12,890,Classic video game soundtracks to revisit,9
13,123,How to start your own game development studio,11
14,456,Tips for completing difficult platformer levels,4
15,789,Unlocking hidden achievements in your favorite games,16
16,567,Reviewing the latest gaming laptops on the market,13
17,901,The psychology of in-game decision-making,22
18,234,Navigating the world of competitive esports,17
19,678,Exploring the history of handheld gaming consoles,8
20,345,Best co-op games for a gaming night with friends,5
21,890,Strategies for effective resource management in strategy games,11
22,123,Analyzing the impact of game genres on player behavior,14
23,456,Building a gaming community on social media,7
24,789,How to create engaging game content on YouTube,9
25,234,Overcoming challenges in puzzle-solving games,13
26,567,Exploring the art of speedrunning in video games,16
27,901,Reviewing the latest gaming peripherals and gadgets,10
28,678,Tips for optimizing game settings for better performance,12
29,345,Creating a gaming setup on a budget,6
30,567,The influence of virtual reality on the gaming industry,8
31,890,Analyzing the cultural impact of iconic video game characters,15
32,123,Strategies for success in battle royale games,20
33,456,Hidden gems in the world of indie game development,14
34,789,How to stay focused during long gaming sessions,7
35,234,Building a collection of retro video games,11
36,678,Strategies for effective team coordination in online multiplayer games,9
37,901,The role of storytelling in narrative-driven video games,12
38,345,Tips for troubleshooting common gaming hardware issues,18
39,567,Game design principles for creating immersive experiences,15
40,123,The impact of gaming on social relationships,10
41,890,Must-visit gaming events and conventions,22
42,456,Exploring the world of augmented reality games,16
43,789,How to stay updated on the latest gaming news and trends,14
44,234,Strategies for completing challenging boss fights,7
45,567,The influence of cultural diversity in video game narratives,13
46,901,Tips for preserving and restoring vintage video game consoles,11
47,678,Strategies for building a successful gaming YouTube channel,9
48,123,The art of game modding: Enhancing your gaming experience,8
49,456,Building a gaming PC for virtual reality experiences,15
50,345,The impact of video games on hand-eye coordination,6
51,678,Strategies for effective time management in gaming,12
52,901,Exploring the potential of cloud gaming services,17
53,234,The influence of nostalgia in remastered video games,11
54,567,Tips for navigating in-game economies,14
55,789,Strategies for optimizing game streaming quality,10
56,456,The psychology of player immersion in virtual worlds,9
57,345,Analyzing the evolution of open-world game design,13
58,890,The impact of video games on stress relief,15
59,567,Exploring the world of video game speedrunning communities,18
60,234,Tips for effective communication in online multiplayer games,12
61,901,Strategies for creating engaging gaming content on social media,14
62,789,The role of artificial intelligence in modern video games,10
63,567,Tips for building a successful gaming community on Discord,8
64,890,Exploring the history of iconic video game consoles,16
65,123,Strategies for managing in-game resources efficiently,13
66,901,The impact of video games on problem-solving skills,11
67,345,Tips for successful game streaming on platforms like Twitch,10
68,234,Analyzing the cultural significance of in-game events,15
69,456,Strategies for effective team collaboration in online esports tournaments,19
70,567,Exploring the design philosophy behind classic arcade games,8
71,789,Tips for creating captivating game narratives,16
72,890,The influence of video games on creativity and imagination,10
73,901,Strategies for building a diverse and inclusive gaming community,12
74,678,Tips for overcoming gaming burnout,15
75,234,The impact of video games on decision-making abilities,9
76,567,Strategies for building a gaming PC on a tight budget,14
77,456,Exploring the potential of virtual reality in educational games,10
78,123,Tips for effective in-game communication in team-based shooters,12
79,789,Analyzing the impact of music and sound in video game experiences,0